Brand,Perfume Name,Gender,Scent Profile,Occasion,Main 3 Notes,Personality / Mood
DIOR,J'adore EDP,Women,"Floral, Fruity, Elegant",Special Events,"Jasmine, Ylang-Ylang, Pear","Glamorous, confident, loves luxury and elegance"
DIOR,Miss Dior EDP (2021),Women,"Floral, Fresh, Soft","Romantic, Daily","Peony, Rose, Musk","Romantic, sweet, soft-hearted, artistic"
DIOR,Miss Dior Blooming Bouquet,Women,"Fresh, Floral, Light","Spring, Daytime","Peony, Rose, White Musk","Cheerful, youthful, playful, optimistic"
DIOR,Poison Girl EDP,Women,"Sweet, Amber, Gourmand","Night Out, Parties","Vanilla, Bitter Orange, Tonka Bean","Bold, fun-loving, rebellious, energetic"
DIOR,Hypnotic Poison EDP,Women,"Sweet, Warm, Vanilla","Winter, Evening","Almond, Vanilla, Jasmine","Mysterious, sensual, introverted but intense"
DIOR,Dior Addict EDP,Women,"Warm, Floral, Oriental","Evening, Glamorous","Vanilla, Tonka Bean, Jasmine","Powerful, dramatic, expressive, loves attention"
DIOR,Pure Poison EDP,Women,"Floral, Musky, Fresh","Intimate, Travel","Orange Blossom, Jasmine, Sandalwood","Calm, elegant, emotionally intelligent"
DIOR,JOY by Dior EDP Intense,Women,"Floral, Citrus, Woody",Celebrations,"Neroli, Grasse Rose, Sandalwood","Radiant, happy, nurturing, loves positivity"
DIOR,Dune EDT,Women,"Floral, Woody, Marine","Formal, Work","Peony, Lily, Sandalwood","Grounded, thoughtful, tranquil, nature-lover"
DIOR,Dolce Vita EDT,Women,"Spicy, Woody, Sweet","Casual, Daytime","Cinnamon, Peach, Sandalwood","Joyful, nostalgic, full of life and stories"
DIOR,Sauvage EDT,Men,"Fresh, Spicy, Aromatic","Everyday, Casual","Bergamot, Pepper, Ambroxan","Adventurous, modern, bold, free-spirited"
DIOR,Sauvage Elixir,Men,"Spicy, Woody, Bold","Evening, Special","Cinnamon, Nutmeg, Sandalwood","Intense, daring, alpha personality, loves to lead"
DIOR,Fahrenheit EDT,Men,"Leathery, Woody, Warm","Night, Winter","Leather, Violet, Nutmeg","Deep thinker, rebellious, classic with a twist"
DIOR,Dior Homme Intense,Men,"Powdery, Floral, Woody","Date, Formal","Iris, Amber, Vetiver","Sophisticated, artistic, sensitive yet strong"
DIOR,Dior Homme Sport,Men,"Fresh, Citrusy, Spicy","Daytime, Summer","Grapefruit, Pink Pepper, Vetiver","Energetic, competitive, health-conscious"
DIOR,Eau Sauvage EDT,Men,"Citrus, Aromatic, Classic","Daytime, Office","Lemon, Basil, Oakmoss","Polished, respectful, traditional yet charming"
DIOR,Gris Dior,Unisex,"Chypre, Floral, Musky","Elegant, Anytime","Rose, Oakmoss, Patchouli","Sophisticated, creative, minimalistic, gender-fluid elegance"
DIOR,Oud Ispahan,Unisex,"Oud, Rose, Spicy","Evening, Formal","Oud, Rose, Labdanum","Mysterious, luxurious, bold, culturally refined"
DIOR,Bois d Argent,Unisex,"Powdery, Musky, Woody","Elegant, Soft Days","Iris, Incense, Musk","Intellectual, poetic, quiet confidence"
DIOR,F ve D licieuse,Unisex,"Gourmand, Sweet, Warm","Night, Winter","Tonka Bean, Vanilla, Caramel","Indulgent, cozy, sweet-natured, emotional"
DIOR,Ambre Nuit,Unisex,"Amber, Floral, Warm","Autumn, Evening","Amber, Turkish Rose, Pink Pepper","Introspective, sensual, romantic dreamer"
DIOR,Vanilla Diorama,Unisex,"Gourmand, Sweet, Warm",Dessert-Inspired,"Vanilla, Rum, Cocoa","Playful, charming, indulgent, secretly sentimental"
DIOR,Dior Homme,Men,"Woody, Floral, Musky","Evening, Formal","Lavender, Iris, Leather","Refined, confident, appreciates classic elegance"
DIOR,Dior Addict 2,Women,"Citrus, Floral, Fresh","Daytime, Spring","Mandarin, Jasmine, Vanilla","Vibrant, youthful, modern, energetic"
DIOR,Dune Pour Homme,Men,"Woody, Aromatic, Fresh","Casual, Daytime","Lemon, Sage, Cedar","Adventurous, serene, nature-loving"
DIOR,La Colle Noire,Women,"Floral, Musky, Romantic","Evening, Special","May Rose, Peony, White Musk","Romantic, elegant, appreciates timeless beauty"
DIOR,Diorissimo,Women,"Floral, Fresh, Delicate","Spring, Daytime","Lily of the Valley, Ylang-Ylang, Jasmine","Graceful, classic, enjoys simplicity and nature"
DIOR,Poison EDT,Women,"Spicy, Sweet, Bold","Night Out, Winter","Plum, Jasmine, Vanilla","Confident, daring, enjoys making a statement"
DIOR,Sauvage Parfum,Men,"Amber, Woody, Fresh","Evening, Formal","Bergamot, Sandalwood, Vanilla","Sophisticated, strong-willed, modern gentleman"
DIOR,Miss Dior Rose N  Roses,Women,"Floral, Fresh, Rosy","Spring, Daytime","Grasse Rose, Bergamot, White Musk","Feminine, joyful, loves floral elegance"
DIOR,Les Escales   Portofino,Unisex,"Citrus, Fresh, Light","Summer, Travel","Bergamot, Almond Blossom, Petitgrain","Free-spirited, loves travel and lightness"
YSL,Libre Eau de Parfum,Women,"Floral, Oriental, Aromatic","Evening, Special","Lavender, Orange Blossom, Musk","Bold, confident, free-spirited, empowered"
YSL,Black Opium Eau de Parfum,Women,"Gourmand, Sweet, Warm","Night Out, Parties","Coffee, Vanilla, White Flowers","Energetic, rebellious, edgy, passionate"
YSL,Mon Paris Eau de Parfum,Women,"Fruity, Floral, Sweet","Romantic, Daily","Strawberry, Peony, Patchouli","Romantic, dreamy, youthful, playful"
YSL,Cinema Eau de Parfum,Women,"Oriental, Woody, Floral","Evening, Glamorous","Tuberose, Vanilla, Jasmine","Glamorous, feminine, sensual, timeless"
YSL,Manifesto Eau de Parfum,Women,"Floral, Woody, Sweet","Evening, Date","Jasmine, Vanilla, Sandalwood","Confident, passionate, elegant, artistic"
YSL,Opium Eau de Parfum,Women,"Oriental, Spicy, Warm","Night, Winter","Myrrh, Jasmine, Amber","Exotic, mysterious, passionate, classic"
YSL,YSL Libre Intense,Women,"Oriental, Floral, Warm","Night, Special","Lavender, Orange Blossom, Vanilla","Bold, daring, intense, independent"
YSL,YSL Black Opium Neon,Women,"Gourmand, Floral, Sweet","Night, Parties","Blackcurrant, Coffee, Jasmine","Vibrant, youthful, electric, bold"
YSL,YSL Mon Paris Couture,Women,"Fruity, Floral, Sweet","Daytime, Romantic","Raspberry, Peony, Musk","Elegant, romantic, modern, joyful"
YSL,Y Eau de Parfum,Men,"Woody, Aromatic, Fresh","Daytime, Casual","Bergamot, Ginger, Cedar","Modern, dynamic, adventurous, confident"
YSL,La Nuit de L Homme,Men,"Spicy, Woody, Oriental","Evening, Date","Cardamom, Cedar, Lavender","Mysterious, sensual, charismatic, seductive"
YSL,L Homme,Men,"Woody, Fresh, Citrus","Office, Daytime","Ginger, Vetiver, Tonka Bean","Polished, elegant, approachable, confident"
YSL,Y Le Parfum,Men,"Woody, Aromatic, Warm","Evening, Formal","Bergamot, Sage, Amberwood","Intense, strong-willed, charismatic, sophisticated"
YSL,Kouros Eau de Toilette,Men,"Aromatic, Woody, Spicy","Night, Formal","Aldehydes, Coriander, Oakmoss","Strong, classic, masculine, assertive"
YSL,Jazz Eau de Toilette,Men,"Woody, Aromatic, Spicy","Casual, Daytime","Pepper, Tobacco, Musk","Cool, laid-back, confident, smooth"
YSL,YSL L Homme Cologne,Men,"Fresh, Citrusy, Aromatic","Summer, Daytime","Lemon, Bergamot, Ginger","Fresh, vibrant, youthful, energetic"
YSL,YSL La Nuit de L Homme Bleu,Men,"Woody, Spicy, Aromatic","Evening, Night","Bergamot, Pepper, Cedar","Elegant, mysterious, romantic"
YSL,YSL Y Eau Fraiche,Men,"Fresh, Citrusy, Aquatic","Summer, Daytime","Lemon, Ginger, Vetiver","Bright, refreshing, active, optimistic"
YSL,YSL Y Le Parfum Intense,Men,"Woody, Aromatic, Warm","Evening, Formal","Bergamot, Sage, Cedarwood","Strong, magnetic, charismatic"
YSL,YSL Y Men,Men,"Woody, Aromatic, Fresh","Daily, Office","Bergamot, Ginger, Sage","Confident, ambitious, modern"
YSL,YSL Elle Eau de Parfum,Women,"Floral, Fruity, Fresh","Daytime, Casual","Rose, Pear, Musk","Feminine, fresh, approachable"
YSL,YSL Manifesto L Elixir,Women,"Floral, Woody, Sweet","Evening, Special","Jasmine, Vanilla, Patchouli","Intense, passionate, alluring"
YSL,YSL Nu,Women,"Floral, Woody, Oriental","Evening, Night","Orange Blossom, Patchouli, Musk","Elegant, warm, sensual"
YSL,YSL Parisienne Eau de Parfum,Women,"Floral, Woody, Powdery","Daytime, Romantic","Damask Rose, Violet, Cedarwood","Romantic, artistic, feminine"
YSL,YSL Opium Noir,Women,"Oriental, Spicy, Woody","Night, Winter","Black Orchid, Patchouli, Incense","Dark, mysterious, seductive"
YSL,YSL Manifesto L Eau Blanche,Women,"Floral, Woody, Fresh","Daytime, Spring","Jasmine, Neroli, Musk","Light, fresh, elegant"
YSL,YSL Baby Doll,Women,"Floral, Fresh, Fruity","Daytime, Spring","Strawberry, Peony, Amber","Sweet, playful, youthful"
YSL,YSL L Homme Ultime,Men,"Woody, Spicy, Aromatic","Evening, Date","Ginger, Bergamot, Cedarwood","Refined, sensual, confident"
YSL,YSL Jazz Eau Intense,Men,"Woody, Aromatic, Spicy","Evening, Casual","Patchouli, Vetiver, Tobacco","Bold, charismatic, relaxed"
YSL,YSL Y Intense,Men,"Woody, Aromatic, Warm","Evening, Formal","Bergamot, Ginger, Tonka Bean","Strong, confident, magnetic"
Valentino,Valentino Donna Eau de Parfum,Women,"Floral, Woody, Powdery","Daytime, Formal","Rose, Vanilla, Patchouli","Elegant, romantic, classic beauty"
Valentino,Valentino Donna Born In Roma,Women,"Floral, Oriental, Woody","Evening, Special","Jasmine, Blackcurrant, Vanilla","Bold, modern, edgy, confident"
Valentino,Valentino Uomo,Men,"Woody, Oriental, Gourmand","Evening, Casual","Bergamot, Hazelnut, Leather","Warm, sophisticated, charismatic"
Valentino,Valentino Uomo Intense,Men,"Woody, Spicy, Warm","Night, Formal","Bergamot, Coffee, Vanilla","Intense, passionate, refined"
Valentino,Valentino Uomo Born In Roma,Men,"Oriental, Woody, Aromatic","Evening, Special","Black Pepper, Leather, Vanilla","Adventurous, bold, sexy"
Valentino,Valentino Voce Viva,Women,"Floral, Woody, Vanilla","Evening, Glamorous","Mandarin, Jasmine, Vanilla","Confident, radiant, expressive"
Valentino,Valentino Valentina,Women,"Floral, Fruity, Woody","Daytime, Romantic","Bergamot, Jasmine, White Musk","Feminine, joyful, elegant"
Valentino,Valentino Valentina Pink,Women,"Floral, Fruity, Fresh","Daytime, Casual","Rose, Peony, Citrus","Playful, fresh, youthful"
Valentino,Valentino Uomo Acqua,Men,"Fresh, Aquatic, Woody","Summer, Casual","Bergamot, Neroli, Cedarwood","Fresh, energetic, natural"
Valentino,Valentino Donna Acqua,Women,"Fresh, Citrus, Floral","Summer, Daytime","Lemon, Orange Blossom, Cedarwood","Bright, cheerful, elegant"
Valentino,Valentino Donna Rosa Verde,Women,"Floral, Green, Woody","Spring, Daytime","Rose, Mint, Patchouli","Fresh, vibrant, modern"
Valentino,Valentino Uomo Noir Absolu,Men,"Oriental, Woody, Sweet","Night, Winter","Praline, Vanilla, Patchouli","Seductive, warm, mysterious"
Valentino,Valentino Uomo Intense Oud,Men,"Woody, Oriental, Spicy","Evening, Formal","Oud, Amber, Vanilla","Luxurious, intense, charismatic"
Valentino,Valentino Born In Roma Yellow Dream,Women,"Floral, Fruity, Gourmand","Daytime, Spring","Peach, Orange Blossom, Vanilla","Bright, optimistic, sweet"
Valentino,Valentino Donna Born In Roma Yellow Dream,Women,"Floral, Woody, Fresh","Daytime, Casual","Lemon, Jasmine, Cedarwood","Fresh, radiant, youthful"
Valentino,Valentino Voce Viva Intensa,Women,"Floral, Oriental, Warm","Evening, Special","Jasmine, Orange Blossom, Vanilla","Intense, passionate, elegant"
Valentino,Valentino Uomo Intense Oud Absolu,Men,"Woody, Oriental, Spicy","Night, Winter","Oud, Amber, Praline","Powerful, mysterious, refined"
Valentino,Valentino Uomo Intense Leather,Men,"Woody, Leather, Spicy","Evening, Formal","Leather, Vanilla, Amber","Bold, sophisticated, confident"
Valentino,Valentino Donna Eau Fraiche,Women,"Fresh, Citrus, Floral","Daytime, Summer","Bergamot, Lemon, Jasmine","Light, fresh, vibrant"
Valentino,Valentino Uomo Eau Fraiche,Men,"Fresh, Aquatic, Woody","Summer, Daytime","Bergamot, Neroli, Cedarwood","Energetic, fresh, casual"
Valentino,Valentino Voce Viva Blossom,Women,"Floral, Fresh, Sweet","Spring, Daytime","Orange Blossom, Freesia, Musk","Joyful, fresh, feminine"
Valentino,Valentino Uomo Intense Aroma,Men,"Woody, Spicy, Warm","Evening, Winter","Vanilla, Tonka Bean, Amber","Warm, intense, sensual"
Valentino,Valentino Donna Born In Roma Eau de Parfum,Women,"Floral, Woody, Warm","Evening, Formal","Jasmine, Vanilla, Blackcurrant","Elegant, bold, confident"
Valentino,Valentino Uomo Uomo Noir Absolu,Men,"Oriental, Woody, Sweet","Night, Special","Vanilla, Patchouli, Amber","Mysterious, seductive, refined"
Valentino,Valentino Donna Pink Bouquet,Women,"Floral, Fresh, Sweet","Spring, Daytime","Peony, Jasmine, Cedarwood","Sweet, playful, romantic"
Valentino,Valentino Uomo Noir,Men,"Oriental, Woody, Warm","Evening, Winter","Patchouli, Vanilla, Coffee","Seductive, warm, charismatic"
Valentino,Valentino Donna,Women,"Floral, Woody, Powdery","Daytime, Formal","Rose, Vanilla, Patchouli","Classic, elegant, feminine"
Valentino,Valentino Uomo,Men,"Woody, Oriental, Gourmand","Evening, Casual","Bergamot, Hazelnut, Leather","Warm, sophisticated, charming"
Valentino,Valentino Donna Acqua,Women,"Fresh, Citrus, Floral","Summer, Daytime","Lemon, Orange Blossom, Cedarwood","Bright, cheerful, fresh"
Valentino,Valentino Uomo Acqua,Men,"Fresh, Aquatic, Woody","Summer, Casual","Bergamot, Neroli, Cedarwood","Energetic, natural, refreshing"
Herm s,Terre d Herm s Eau de Toilette,Men,"Woody, Spicy, Earthy","Office, Evening","Orange, Vetiver, Cedar","Grounded, intellectual, elegant"
Herm s,Terre d Herm s Parfum,Men,"Woody, Earthy, Citrus","Evening, Formal","Grapefruit, Cedar, Benzoin","Mature, deep-thinking, refined"
Herm s,Terre d Herm s Eau Givr e,Men,"Citrus, Woody, Fresh","Summer, Daytime","Citron, Juniper, Timut Pepper","Fresh, vibrant, composed"
Herm s,H24 Eau de Toilette,Men,"Aromatic, Green, Fresh","Daytime, Modern","Clary Sage, Narcissus, Rosewood","Contemporary, clean, optimistic"
Herm s,H24 Eau de Parfum,Men,"Aromatic, Woody, Warm","Evening, Formal","Oak Moss, Clary Sage, Narcissus","Intense, modern, confident"
Herm s,Un Jardin Sur Le Nil,Unisex,"Green, Citrus, Fruity","Summer, Daytime","Green Mango, Lotus, Incense","Artistic, serene, wanderlust"
Herm s,Un Jardin en M diterran e,Unisex,"Woody, Green, Aromatic","Spring, Outdoors","Fig, Cypress, Cedar","Earthy, thoughtful, calm"
Herm s,Un Jardin Apr s La Mousson,Unisex,"Spicy, Aquatic, Fresh","Monsoon, Daytime","Ginger, Vetiver, Coriander","Refreshing, creative, introspective"
Herm s,Un Jardin Sur Le Toit,Unisex,"Fruity, Green, Floral","Spring, Casual","Apple, Pear, Basil","Cheerful, spontaneous, playful"
Herm s,Eau d Orange Verte,Unisex,"Citrus, Aromatic, Fresh","Summer, Casual","Orange, Mint, Oakmoss","Energized, fresh, crisp"
Herm s,Eau de Mandarine Ambr e,Unisex,"Citrus, Amber, Sweet","Daytime, Cozy","Mandarin, Passionfruit, Amber","Warm, joyful, comforting"
Herm s,Eau de Pamplemousse Rose,Unisex,"Citrus, Fresh, Green","Daytime, Office","Grapefruit, Rose, Rhubarb","Sharp, elegant, minimalist"
Herm s,Eau de Rhubarbe  carlate,Unisex,"Fruity, Fresh, Tart","Spring, Casual","Rhubarb, Red Berries, Musk","Playful, youthful, light-hearted"
Herm s,Eau de Citron Noir,Unisex,"Citrus, Smoky, Aromatic","Summer, Evening","Black Lemon, Tea, Wood","Unconventional, mysterious, zesty"
Herm s,Eau de Narcisse Bleu,Unisex,"Floral, Green, Powdery","Formal, Daytime","Narcissus, Orange Blossom, Musk","Graceful, artistic, serene"
Herm s,Eau des Merveilles,Women,"Woody, Amber, Aquatic","Daytime, Unique","Orange, Ambergris, Vetiver","Magical, quirky, enchanting"
Herm s,L Ambre des Merveilles,Women,"Amber, Sweet, Warm","Evening, Winter","Amber, Vanilla, Labdanum","Cozy, sophisticated, warm"
Herm s,Elixir des Merveilles,Women,"Spicy, Gourmand, Amber","Night, Romantic","Orange Peel, Caramel, Patchouli","Sensual, dreamy, luxurious"
Herm s,Eau Claire des Merveilles,Women,"Woody, Powdery, Soft","Spring, Casual","Musk, Iris, Orange","Soft, delicate, poetic"
Herm s,Twilly d Herm s,Women,"Spicy, Floral, Fresh","Daytime, Youthful","Ginger, Tuberose, Sandalwood","Spirited, bold, quirky"
Herm s,Twilly Eau Poivr e,Women,"Spicy, Floral, Woody","Evening, Bold","Pink Pepper, Rose, Patchouli","Sassy, edgy, rebellious"
Herm s,Twilly Eau Ginger,Women,"Fresh, Floral, Spicy","Summer, Day","Peony, Ginger, Cedarwood","Lighthearted, cheerful, stylish"
Herm s,Jour d Herm s,Women,"Floral, Green, Elegant","Daytime, Feminine","Gardenia, Citrus, White Flowers","Feminine, optimistic, graceful"
Herm s,Jour d Herm s Absolu,Women,"Floral, Fruity, Musky","Formal, Bright","Jasmine, Apricot, Woody Notes","Confident, radiant, mature"
Herm s,Kelly Cal che,Women,"Leather, Floral, Powdery","Evening, Chic","Iris, Leather, Mimosa","Sophisticated, modern, classy"
Herm s,Galop d Herm s,Women,"Leather, Floral, Rosy","Night, Statement","Rose, Leather, Saffron","Bold, distinctive, daring"
Herm s,Rose Ikebana,Unisex,"Floral, Green, Delicate","Spring, Light","Rose, Rhubarb, Tea","Artistic, calm, minimalist"
Herm s,Cuir d Ange,Unisex,"Leather, Powdery, Soft","Evening, Refined","Leather, Heliotrope, Violet","Dreamy, smooth, luxurious"
Herm s,Santal Masso a,Unisex,"Woody, Creamy, Soft","Autumn, Cozy","Sandalwood, Coconut, Fig","Serene, grounding, comforting"
Herm s,Ambre Narguil ,Unisex,"Warm, Spicy, Sweet","Winter, Evening","Amber, Honey, Cinnamon","Cozy, indulgent, luxurious"
Carolina Herrera,Good Girl,Women,"Sweet, Oriental, Floral","Evening, Special","Tuberose, Tonka Bean, Jasmine","Confident, seductive, glamorous"
Carolina Herrera,Good Girl Supreme,Women,"Sweet, Fruity, Gourmand","Night, Party","Berries, Jasmine, Tonka Bean","Bold, playful, mysterious"
Carolina Herrera,Good Girl Blush,Women,"Floral, Powdery, Fresh","Daytime, Romantic","Peony, Ylang-Ylang, Vanilla","Feminine, elegant, radiant"
Carolina Herrera,Good Girl L g re,Women,"Floral, Creamy, Warm","Evening, Feminine","Jasmine, Dulce de Leche, Tonka Bean","Softly seductive, confident, sensual"
Carolina Herrera,Good Girl Dazzling Garden,Women,"Floral, Sweet, Limited","Evening, Elegant","Jasmine, Tuberose, Cacao","Luxurious, confident, celebratory"
Carolina Herrera,Very Good Girl,Women,"Fruity, Floral, Warm","Night, Flirty","Red Currant, Rose, Vetiver","Cheeky, bold, fun-loving"
Carolina Herrera,Very Good Girl Glam,Women,"Cherry, Floral, Sweet","Special, Party","Cherry, Rose, Almond","Daring, sparkling, dramatic"
Carolina Herrera,212 VIP,Women,"Oriental, Sweet, Rum","Nightlife, Bold","Rum, Passionfruit, Tonka Bean","Social, trendy, magnetic"
Carolina Herrera,212 VIP Ros ,Women,"Fruity, Floral, Fresh","Daytime, Chic","Champagne, Peach Blossom, Musk","Feminine, elegant, trendy"
Carolina Herrera,212 VIP Black,Men,"Aromatic, Warm, Sweet","Evening, Confident","Absinthe, Lavender, Vanilla","Bold, stylish, seductive"
Carolina Herrera,212 VIP Men,Men,"Spicy, Sweet, Woody","Nightlife, Fun","Passionfruit, Mint, Amber","Charismatic, party lover, confident"
Carolina Herrera,212 Men,Men,"Fresh, Citrus, Woody","Daytime, Clean","Grapefruit, Ginger, Musk","Sporty, youthful, approachable"
Carolina Herrera,212 Men Aqua,Men,"Aquatic, Fresh, Aromatic","Summer, Daytime","Sea Notes, Grapefruit, Patchouli","Energetic, clean, casual"
Carolina Herrera,CH Men,Men,"Oriental, Spicy, Leather","Evening, Sensual","Leather, Violet, Sugar","Sophisticated, romantic, mysterious"
Carolina Herrera,CH Men Priv ,Men,"Boozy, Leather, Warm","Night, Romantic","Whiskey, Leather, Tonka Bean","Seductive, daring, confident"
Carolina Herrera,CH Women,Women,"Floral, Spicy, Sweet","Daytime, Feminine","Orange Blossom, Praline, Cinnamon","Elegant, sweet, sensual"
Carolina Herrera,CH Eau de Parfum Sublime,Women,"Floral, Powdery, Musky","Formal, Elegant","Rose, Patchouli, Leather","Sophisticated, mysterious, graceful"
Carolina Herrera,CH L Eau,Women,"Fresh, Citrus, Floral","Summer, Light","Lemon, Tea, Jasmine","Refreshing, lively, natural"
Carolina Herrera,212 Sexy,Women,"Sweet, Powdery, Floral","Evening, Intimate","Vanilla, Gardenia, Musk","Flirty, warm, cozy"
Carolina Herrera,212 Sexy Men,Men,"Oriental, Spicy, Woody","Evening, Date","Bergamot, Cardamom, Vanilla","Smooth, romantic, confident"
Carolina Herrera,Bad Boy,Men,"Warm, Spicy, Sweet","Night, Bold","Black Pepper, Tonka Bean, Amberwood","Rebellious, charismatic, edgy"
Carolina Herrera,Bad Boy Le Parfum,Men,"Aromatic, Leather, Bold","Night, Statement","Cannabis, Leather, Grapefruit","Intense, daring, unapologetic"
Carolina Herrera,Bad Boy Cobalt,Men,"Fresh, Aromatic, Mineral","Day, Sporty","Pink Pepper, Plum, Vetiver","Modern, energetic, powerful"
Carolina Herrera,Bad Boy Extreme,Men,"Oriental, Smoky, Gourmand","Night, Winter","Cacao, Patchouli, Tonka Bean","Intense, sensual, dramatic"
Carolina Herrera,212 Heroes Forever Young,Women,"Floral, Fruity, Fresh","Spring, Youthful","Raspberry, Jasmine, Cedar","Joyful, free-spirited, fresh"
Carolina Herrera,212 Heroes Men,Men,"Fresh, Aromatic, Fruity","Summer, Playful","Pear, Ginger, Leather","Youthful, rebellious, fun"
Carolina Herrera,212 Heroes for Her,Women,"Floral, Citrusy, Clean","Daytime, Feminine","Mandarin, Jasmine, Cedarwood","Fresh, uplifting, modern"
Carolina Herrera,212 VIP Black Extra,Men,"Warm, Sweet, Aromatic","Party, Special","Rum, Cacao, Musk","Magnetic, bold, playful"
Carolina Herrera,CH Africa Men Limited Edition,Men,"Woody, Spicy, Warm","Evening, Adventure","Pepper, Coffee, Leather","Exotic, bold, daring"
Carolina Herrera,CH Africa Women Limited Edition,Women,"Spicy, Floral, Woody","Evening, Glamorous","Cinnamon, Incense, Orange Blossom","Mysterious, vibrant, confident"
Versace,Bright Crystal Absolu,Women,"Floral, Fruity, Musky","Evening, Romantic","Raspberry, Peony, Amber","Intense, Sensual, Elegant"
Versace,Crystal Noir,Women,"Oriental, Floral","Evening, Formal","Gardenia, Amber, Musk","Mysterious, Alluring"
Versace,Yellow Diamond,Women,"Citrus, Floral","Daytime, Summer","Lemon, Mimosa, Amber","Radiant, Joyful, Sophisticated"
Versace,Yellow Diamond Intense,Women,"Floral, Citrus","Evening, Special","Neroli, Jasmine, Amber","Bold, Glamorous"
Versace,Versense,Women,"Woody, Floral, Citrus","Daytime, Casual","Bergamot, Fig, Cedar","Fresh, Natural, Energetic"
Versace,Vanitas,Women,"Floral, Woody","Daytime, Office","Lime, Tiare Flower, Tonka Bean","Elegant, Feminine, Soft"
Versace,Eros Pour Femme,Women,"Floral, Woody, Citrus","Evening, Romantic","Sicilian Lemon, Jasmine, Sandalwood","Passionate, Sensual"
Versace,Eros Pour Femme EDT,Women,"Floral, Citrus","Daytime, Spring","Sicilian Lemon, Jasmine, Musk","Bright, Feminine, Fresh"
Versace,Dylan Blue Pour Femme,Women,"Floral, Fruity, Musky","Daytime, Modern","Blackcurrant, Apple, Jasmine","Confident, Sophisticated"
Versace,Dylan Turquoise,Women,"Floral, Fruity, Citrus","Summer, Casual","Lemon, Guava, Musk","Playful, Vibrant, Youthful"
Versace,Red Jeans,Women,"Floral, Fruity","Daytime, Casual","Peach, Freesia, Vanilla","Cheerful, Sweet, Youthful"
Versace,Baby Rose Jeans,Women,"Floral, Fresh","Daytime, Spring","Rose, Violet, Musk","Delicate, Romantic"
Versace,Yellow Jeans,Women,"Floral, Fruity","Daytime, Summer","Peach, Jasmine, Musk","Bright, Joyful"
Versace,White Jeans,Women,"Floral, Powdery","Daytime, Elegant","Violet, Jasmine, Musk","Soft, Feminine"
Versace,Metal Jeans Women,Women,"Floral, Woody","Evening, Modern","Bergamot, Jasmine, Cedar","Bold, Contemporary"
Versace,Jeans Woman,Women,"Floral, Fruity","Daytime, Casual","Peach, Rose, Musk","Fresh, Youthful"
Versace,Gianni Versace Couture,Women,"Floral, Woody","Evening, Elegant","Jasmine, Sandalwood, Musk","Luxurious, Sophisticated"
Versace,Couture Jasmine,Women,Floral,"Daytime, Elegant","Jasmine, Musk, Woodsy Notes","Pure, Feminine"
Versace,Couture Tuberose,Women,Floral,"Evening, Romantic","Tuberose, Musk, Woodsy Notes","Sensual, Intense"
Versace,Couture Violet,Women,"Floral, Powdery","Daytime, Spring","Violet, Musk, Woodsy Notes","Soft, Romantic"
Versace,Essence Emotional,Women,"Floral, Fruity","Daytime, Casual","Peach, Jasmine, Musk","Joyful, Light-hearted"
Versace,Essence Ethereal,Women,"Floral, Fresh","Daytime, Elegant","Lily, Musk, Woodsy Notes","Delicate, Graceful"
Versace,Essence Exciting,Women,"Floral, Spicy","Evening, Bold","Pepper, Jasmine, Musk","Energetic, Vibrant"
Versace,Eros,Men,"Aromatic, Woody","Evening, Romantic","Mint, Green Apple, Tonka Bean","Bold, Passionate"
Versace,Eros Flame,Men,"Woody, Spicy","Evening, Intense","Chinotto, Pepper, Tonka Bean","Fiery, Confident"
Versace,Eros Eau de Parfum,Men,"Aromatic, Woody","Evening, Elegant","Mint, Vanilla, Cedar","Sophisticated, Seductive"
Versace,Eros Parfum,Men,"Aromatic, Woody","Evening, Luxurious","Mint, Vanilla, Leather","Rich, Intense"
Versace,Dylan Blue Pour Homme,Men,"Woody, Aromatic","Daytime, Modern","Bergamot, Incense, Musk","Confident, Contemporary"
Versace,Man Eau Fraiche,Men,"Woody, Aquatic","Daytime, Summer","Lemon, Cedar, Musk","Fresh, Casual"
Burberry,Her Eau de Parfum,Women,"Fruity, Floral","Daytime, Casual","Red Berries, Jasmine, Musk","Energetic, Modern"
Burberry,Her Intense,Women,"Fruity, Gourmand","Evening, Bold","Blackberry, Jasmine, Benzoin","Deep, Sensual"
Burberry,Her Blossom,Women,"Floral, Fresh","Spring, Daytime","Plum Blossom, Peony, Musk","Light, Delicate"
Burberry,Her London Dream,Women,"Floral, Citrus","Daytime, Romantic","Lemon, Rose, Musk","Dreamy, Romantic"
Burberry,Her Elixir de Parfum,Women,"Fruity, Sweet","Evening, Glamorous","Strawberry, Vanilla, Amber","Bold, Alluring"
Burberry,My Burberry,Women,"Floral, Fresh","Daytime, Elegant","Sweet Pea, Rose, Patchouli","Classic, Sophisticated"
Burberry,My Burberry Blush,Women,"Floral, Fruity","Daytime, Spring","Pomegranate, Rose, Jasmine","Playful, Feminine"
Burberry,My Burberry Black,Women,"Floral, Oriental","Evening, Intense","Jasmine, Peach, Amber","Sensual, Bold"
Burberry,Burberry Goddess,Women,"Floral, Woody","Evening, Elegant","Lavender, Vanilla, Sandalwood","Divine, Empowering"
Burberry,Burberry Touch,Women,"Floral, Powdery","Daytime, Soft","Rose, Peony, Cedar","Gentle, Intimate"
Burberry,Burberry Brit for Her,Women,"Floral, Fruity","Daytime, Casual","Lime, Almond, Vanilla","Sweet, Charming"
Burberry,Burberry Brit for Her EDT,Women,"Floral, Fruity","Daytime, Light","Lime, Almond, Pear","Fresh, Youthful"
Burberry,Burberry London,Women,"Floral, Fresh","Daytime, Elegant","Rose, Jasmine, Musk","Classic, Refined"
Burberry,Burberry Weekend,Women,"Floral, Citrus","Weekend, Casual","Mandarin, Hyacinth, Musk","Relaxed, Joyful"
Burberry,Burberry For Women,Women,"Fruity, Woody","Daytime, Warm","Peach, Apricot, Cedar","Cozy, Feminine"
Burberry,Burberry Signatures Amber Heath,Unisex,"Amber, Woody","Evening, Luxurious","Amber, Labdanum, Patchouli","Warm, Sophisticated"
Burberry,Burberry Signatures Garden Roses,Unisex,"Floral, Fresh","Daytime, Romantic","Rose, Geranium, Musk","Elegant, Romantic"
Burberry,Burberry Signatures Windsor Tonic,Unisex,"Citrus, Aromatic","Daytime, Refreshing","Bergamot, Neroli, Vetiver","Crisp, Invigorating"
Burberry,Burberry Signatures High Tea,Unisex,"Floral, Green","Afternoon, Elegant","Tea, Rose, Musk","Refined, Delicate"
Burberry,Burberry Signatures Hawthorn Bloom,Unisex,"Floral, Woody","Spring, Daytime","Hawthorn, Violet, Cedar","Soft, Natural"
Burberry,Burberry Signatures Midnight Journey,Unisex,"Aromatic, Spicy","Evening, Mysterious","Incense, Pepper, Amber","Deep, Enigmatic"
Burberry,Burberry Signatures Tudor Rose,Unisex,"Floral, Chypre","Evening, Romantic","Rose, Patchouli, Musk","Regal, Passionate"
Burberry,Burberry Signatures Antique Oak,Unisex,"Woody, Earthy","Autumn, Outdoors","Oakwood, Vetiver, Musk","Rustic, Grounded"
Burberry,Burberry Signatures Wild Thistle,Unisex,"Floral, Green","Spring, Daytime","Thistle, Green Notes, Musk","Unique, Fresh"
Calvin Klein,CK One,Unisex,"Citrus, Fresh","Daytime, Casual","Pineapple, Green Tea, Musk","Clean, Youthful, Inclusive"
Calvin Klein,CK Be,Unisex,"Floral, Woody, Musk","Daytime, Casual","Lavender, Bergamot, Musk","Intimate, Relaxed, Subtle"
Calvin Klein,Euphoria,Women,"Oriental, Floral","Evening, Romantic","Pomegranate, Orchid, Mahogany","Sensual, Mysterious, Bold"
Calvin Klein,Eternity,Men,"Aromatic, Fresh","Daytime, Formal","Lavender, Lemon, Sandalwood","Timeless, Elegant, Refined"
Calvin Klein,CK Everyone,Unisex,"Citrus, Green","Daytime, Active","Orange, Ginger, Cedarwood","Fresh, Eco-conscious, Modern"
Calvin Klein,CK IN2U for Her,Women,"Floral, Citrus","Daytime, Casual","Grapefruit, Orchid, Vanilla","Vibrant, Youthful, Spontaneous"
Calvin Klein,CK IN2U for Him,Men,"Aromatic, Woody","Daytime, Casual","Lemon, Cacao, Cedar","Energetic, Modern, Casual"
Calvin Klein,Obsessed for Women,Women,"Aromatic, Oriental","Evening, Intimate","Lavender, Musk, Vanilla","Nostalgic, Romantic, Bold"
Calvin Klein,CK One Essence,Unisex,"Citrus, Woody","Daytime, Versatile","Bergamot, Green Tea, Musk","Fresh, Sophisticated, Balanced"
Calvin Klein,CK One Gold,Unisex,"Citrus, Woody","Daytime, Casual","Fig, Neroli, Vetiver","Radiant, Youthful, Bold"
Calvin Klein,Eternity for Women,Women,"Floral, Fresh","Daytime, Formal","Freesia, Lily, Sandalwood","Romantic, Timeless, Elegant"
Calvin Klein,Obsession for Men,Men,"Oriental, Spicy","Evening, Intense","Cinnamon, Amber, Musk","Passionate, Bold, Classic"
Calvin Klein,Escape for Women,Women,"Floral, Aquatic","Daytime, Casual","Apple, Peach, Sandalwood","Free-spirited, Light, Refreshing"
Calvin Klein,Truth for Women,Women,"Green, Woody","Daytime, Subtle","Bamboo, Vetiver, Musk","Natural, Serene, Authentic"
Calvin Klein,Contradiction for Men,Men,"Woody, Spicy","Evening, Modern","Lime, Nutmeg, Sandalwood","Confident, Sophisticated, Urban"
Calvin Klein,CK Free for Men,Men,"Woody, Aromatic","Daytime, Casual","Juniper, Tobacco, Oak","Adventurous, Relaxed, Masculine"
Calvin Klein,CK All,Unisex,"Citrus, Aquatic","Daytime, Casual","Bergamot, Rhubarb, Amber","Inclusive, Fresh, Contemporary"
Calvin Klein,Reveal for Women,Women,"Woody, Solar","Evening, Warm","Salt, Iris, Sandalwood","Sensual, Radiant, Bold"
Calvin Klein,Reveal for Men,Men,"Woody, Aromatic","Evening, Warm","Ginger, Agave, Vetiver","Mysterious, Bold, Sophisticated"
Calvin Klein,Eternity Aqua for Men,Men,"Aquatic, Woody","Daytime, Fresh","Cucumber, Lavender, Musk","Refreshing, Casual, Modern"
Calvin Klein,Eternity Now for Women,Women,"Floral, Fruity","Daytime, Romantic","Lychee, Peony, Cashmere","Feminine, Romantic, Contemporary"
Calvin Klein,Eternity Now for Men,Men,"Oriental, Fougere","Evening, Romantic","Ginger, Coconut, Tonka Bean","Warm, Inviting, Modern"
Calvin Klein,CK One Shock for Her,Women,"Oriental, Spicy","Evening, Bold","Passion Flower, Chocolate, Musk","Daring, Exotic, Intense"
Calvin Klein,CK One Shock for Him,Men,"Oriental, Spicy","Evening, Bold","Tobacco, Amber, Patchouli","Bold, Edgy, Masculine"
Calvin Klein,Endless Euphoria,Women,"Floral, Fruity","Daytime, Light","Cherry Blossom, Bamboo, Musk","Light-hearted, Joyful, Feminine"
Calvin Klein,Downtown,Women,"Floral, Woody","Daytime, Urban","Pear, Gardenia, Cedarwood","Confident, Modern, Chic"
Calvin Klein,Beauty,Women,"Floral, Musky","Evening, Elegant","Lily, Jasmine, Ambrette","Graceful, Sophisticated, Mature"
Calvin Klein,Sheer Beauty,Women,"Floral, Fruity","Daytime, Fresh","Peach Bellini, Pink Lily, Musk","Feminine, Delicate, Radiant"
Calvin Klein,CK2,Unisex,"Woody, Fresh","Daytime, Youthful","Wasabi, Violet Leaf, Vetiver","Energetic, Urban, Minimalist"
Calvin Klein,Eternity Flame for Men,Men,"Oriental, Fougere","Evening, Warm","Pineapple, Rosemary, Labdanum","Passionate, Bold, Intimate"
Gucci,Gucci Guilty Eau de Toilette (2021),Women,"Floral, Fruity, Musky","Daytime, Casual","Pink Pepper, Lilac, Peach","Bold, Romantic, Modern"
Gucci,Gucci Guilty Pour Homme Eau de Toilette,Men,"Citrus, Woody, Aromatic","Daytime, Casual","Lemon, Lavender, Orange Blossom","Confident, Masculine, Fresh"
Gucci,Gucci Guilty Absolute Pour Femme,Women,Chypre Fruity,"Evening, Formal","Blackberry, Goldenwood, Patchouli","Sensual, Bold, Mysterious"
Gucci,Gucci Guilty Absolute Pour Homme,Men,"Woody, Leather","Evening, Formal","Leather, Patchouli, Cypress","Intense, Rugged, Sophisticated"
Gucci,Gucci Guilty Black Pour Femme,Women,Oriental Floral,Night Out,"Red Fruits, Pink Pepper, Raspberry","Daring, Seductive, Energetic"
Gucci,Gucci Guilty Black Pour Homme,Men,Aromatic Fougere,Night Out,"Lavender, Orange Flower, Patchouli","Bold, Charismatic, Edgy"
Gucci,Gucci Bloom Eau de Parfum,Women,White Floral,"Daytime, Formal","Jasmine, Tuberose, Rangoon Creeper","Elegant, Feminine, Natural"
Gucci,Gucci Bloom Nettare di Fiori,Women,"Floral, Sweet","Evening, Romantic","Rose, Ginger, Osmanthus","Deep, Sensual, Intimate"
Gucci,Gucci Bloom Ambrosia di Fiori,Women,"Floral, Powdery","Evening, Formal","Jasmine, Tuberose, Damask Rose","Rich, Luxurious, Sophisticated"
Gucci,Gucci Bloom Profumo di Fiori,Women,"Floral, Woody","Daytime, Casual","Tuberose, Jasmine, Sandalwood","Radiant, Warm, Joyful"
Gucci,Gucci Flora Gorgeous Gardenia,Women,"Floral, Fruity","Daytime, Casual","Gardenia, Red Berries, Patchouli","Playful, Youthful, Romantic"
Gucci,Gucci Flora Gorgeous Jasmine,Women,"Floral, Green","Daytime, Fresh","Jasmine, Magnolia, Sandalwood","Bright, Fresh, Uplifting"
Gucci,Gucci Flora by Gucci Eau de Parfum,Women,"Floral, Citrus","Daytime, Elegant","Peony, Citrus, Rose","Sophisticated, Feminine, Graceful"
Gucci,Gucci Rush,Women,"Oriental, Spicy",Night Out,"Gardenia, Vanilla, Patchouli","Bold, Addictive, Energetic"
Gucci,Gucci Envy,Women,Green Floral,"Daytime, Fresh","Hyacinth, Lily of the Valley, Jasmine","Crisp, Clean, Vibrant"
Gucci,Gucci Envy Me,Women,"Floral, Fruity","Daytime, Casual","Peony, Pink Pepper, Pomegranate","Flirty, Fun, Youthful"
Gucci,Gucci Premiere,Women,"Woody, Musky","Evening, Formal","Bergamot, Orange Blossom, Musk","Glamorous, Elegant, Sophisticated"
Gucci,Gucci by Gucci Eau de Parfum,Women,"Chypre, Fruity","Evening, Formal","Guava, Pear, Tiare Flower","Modern, Confident, Luxurious"
Gucci,Gucci by Gucci Pour Homme,Men,"Woody, Chypre","Evening, Formal","Cypress, Violet, Tobacco","Classic, Masculine, Refined"
Gucci,Gucci Pour Homme II,Men,"Woody, Spicy","Daytime, Casual","Bergamot, Violet Leaf, Black Tea","Sophisticated, Relaxed, Modern"
Gucci,Gucci Guilty Intense Pour Homme,Men,"Woody, Aromatic","Evening, Formal","Lavender, Lemon, Patchouli","Strong, Confident, Intense"
Gucci,Gucci Guilty Love Edition Pour Homme,Men,"Aromatic, Fougere","Daytime, Romantic","Kumquat, Lavender, Patchouli","Romantic, Fresh, Energetic"
Gucci,Gucci Guilty Love Edition Pour Femme,Women,"Floral, Fruity","Daytime, Romantic","Narcissus, Violet, Musk","Feminine, Joyful, Playful"
Gucci,Gucci Guilty Eau de Parfum (2020),Women,"Floral, Amber","Evening, Elegant","Mandora, Pink Pepper, Patchouli","Warm, Sensual, Sophisticated"
Gucci,Gucci Guilty Eau de Parfum Pour Homme,Men,"Woody, Aromatic","Evening, Elegant","Rose, Chili Pepper, Cedarwood","Bold, Spicy, Masculine"
Gucci,Gucci Oud,Unisex,"Oriental, Woody","Evening, Exotic","Pear, Bulgarian Rose, Oud","Rich, Mysterious, Opulent"
Gucci,Gucci M moire d une Odeur,Unisex,"Aromatic, Floral","Daytime, Casual","Chamomile, Jasmine, Sandalwood","Nostalgic, Unique, Calming"
Gucci,Gucci Guilty Elixir Pour Femme,Women,"Floral, Sweet","Evening, Intimate","Wisteria, Vanilla, Rose","Sensual, Elegant, Intimate"
Gucci,Gucci Guilty Elixir Pour Homme,Men,"Woody, Aromatic","Evening, Intimate","Nutmeg, Lavender, Patchouli","Warm, Spicy, Sophisticated"
Gucci,Gucci Eau de Parfum II,Women,"Fruity, Floral","Daytime, Elegant","Black Currant, Mandarin, Violet","Fresh, Feminine, Delicate"
Chanel,Chanel N 5 Eau de Parfum,Women,"Floral, Aldehydic","Evening, Formal","Aldehydes, Jasmine, Rose","Timeless, Elegant, Sophisticated"
Chanel,Chanel Coco Mademoiselle Eau de Parfum,Women,"Oriental, Fresh","Daytime, Versatile","Orange, Patchouli, Rose","Modern, Confident, Feminine"
Chanel,Chanel Coco Mademoiselle Eau de Parfum Intense,Women,"Oriental, Woody","Evening, Romantic","Orange, Tonka Bean, Patchouli","Sensual, Bold, Sophisticated"
Chanel,Chanel Chance Eau Tendre Eau de Parfum,Women,"Floral, Fruity","Daytime, Casual","Grapefruit, Jasmine, White Musk","Fresh, Youthful, Delicate"
Chanel,Chanel Chance Eau de Toilette,Women,"Floral, Spicy","Daytime, Elegant","Pink Pepper, Jasmine, Patchouli","Vibrant, Energetic, Playful"
Chanel,Chanel Allure Homme Eau de Toilette,Men,"Woody, Spicy","Daytime, Casual","Bergamot, Cedar, Tonka Bean","Sophisticated, Confident, Charismatic"
Chanel,Chanel Bleu de Chanel Eau de Parfum,Men,"Woody, Aromatic","Evening, Formal","Grapefruit, Incense, Sandalwood","Elegant, Modern, Mysterious"
Chanel,Chanel Coco Eau de Parfum,Women,"Oriental, Spicy","Evening, Formal","Mandarin, Jasmine, Patchouli","Bold, Luxurious, Sensual"
Chanel,Chanel Coco Noir Eau de Parfum,Women,"Oriental, Floral","Evening, Elegant","Grapefruit, Rose, Tonka Bean","Mysterious, Sophisticated, Intense"
Chanel,Chanel Gabrielle Eau de Parfum,Women,Floral,"Daytime, Romantic","Jasmine, Ylang-Ylang, Orange Blossom","Radiant, Feminine, Free-Spirited"
Chanel,Chanel No. 19 Eau de Parfum,Women,"Green, Floral","Daytime, Formal","Galbanum, Iris, Vetiver","Assertive, Elegant, Unique"
Chanel,Chanel No. 5 L Eau,Women,"Floral, Fresh","Daytime, Modern","Citrus, Jasmine, Cedar","Light, Contemporary, Youthful"
Chanel,Chanel Allure Eau de Parfum,Women,"Oriental, Floral","Evening, Elegant","Vanilla, Mandarin, Jasmine","Warm, Sophisticated, Alluring"
Chanel,Chanel Chance Eau Fra che,Women,"Floral, Citrus","Daytime, Fresh","Lemon, Cedar, Water Hyacinth","Energetic, Refreshing, Playful"
Chanel,Chanel Chance Eau Vive,Women,"Floral, Citrus","Daytime, Sporty","Grapefruit, Blood Orange, Jasmine","Vibrant, Dynamic, Youthful"
Chanel,Chanel Allure Homme Sport,Men,"Woody, Spicy","Daytime, Active","Orange, Pepper, Tonka Bean","Energetic, Masculine, Fresh"
Chanel,Chanel Allure Homme  dition Blanche,Men,"Oriental, Fresh","Evening, Elegant","Lemon, Sandalwood, Vanilla","Sophisticated, Warm, Inviting"
Chanel,Chanel Ego ste Eau de Toilette,Men,"Woody, Spicy","Evening, Bold","Rosewood, Cinnamon, Vanilla","Intense, Mysterious, Masculine"
Chanel,Chanel Pour Monsieur,Men,"Citrus, Chypre","Daytime, Classic","Lemon, Neroli, Oakmoss","Refined, Timeless, Elegant"
Chanel,Chanel Antaeus Eau de Toilette,Men,"Woody, Chypre","Evening, Powerful","Clary Sage, Patchouli, Leather","Strong, Masculine, Bold"
Chanel,Chanel Cristalle Eau de Toilette,Women,"Citrus, Green","Daytime, Fresh","Lemon, Hyacinth, Oakmoss","Crisp, Clean, Elegant"
Chanel,Chanel Cristalle Eau Verte,Women,"Citrus, Floral","Daytime, Light","Neroli, Magnolia, Jasmine","Delicate, Refreshing, Feminine"
Chanel,Chanel No. 22 Eau de Parfum,Women,"Floral, Aldehydic","Evening, Classic","Aldehydes, Tuberose, Incense","Romantic, Vintage, Elegant"
Chanel,Chanel 31 Rue Cambon,Unisex,"Chypre, Floral","Evening, Sophisticated","Bergamot, Patchouli, Iris","Luxurious, Complex, Timeless"
Chanel,Chanel Coromandel Eau de Parfum,Unisex,"Oriental, Woody","Evening, Exotic","Patchouli, Frankincense, Benzoin","Opulent, Warm, Mysterious"
Chanel,Chanel Sycomore Eau de Parfum,Unisex,"Woody, Smoky","Evening, Elegant","Vetiver, Sandalwood, Cypress","Earthy, Sophisticated, Bold"
Chanel,Chanel Beige Eau de Parfum,Women,"Floral, Honeyed","Daytime, Elegant","Hawthorn, Freesia, Honey","Soft, Feminine, Graceful"
Chanel,Chanel Misia Eau de Parfum,Women,"Floral, Powdery","Evening, Romantic","Violet, Rose, Orris","Vintage, Elegant, Artistic"
Chanel,Chanel Boy Eau de Parfum,Unisex,"Aromatic, Floral","Daytime, Modern","Lavender, Geranium, Sandalwood","Androgynous, Fresh, Contemporary"
Chanel,Chanel 1957 Eau de Parfum,Unisex,"Musky, Floral","Daytime, Subtle","White Musk, Iris, Neroli","Soft, Elegant, Understated"
Tom Ford,Tobacco Vanille EDP,Unisex,"Oriental, Spicy","Evening, Formal","Tobacco Leaf, Vanilla, Spices","Warm, Opulent, Sophisticated"
Tom Ford,Lost Cherry EDP,Unisex,"Fruity, Gourmand","Evening, Romantic","Black Cherry, Almond, Tonka Bean","Playful, Seductive, Unique"
Tom Ford,Electric Cherry EDP,Unisex,"Fruity, Floral","Daytime, Casual","Cherry, Ginger, Jasmine Sambac","Vibrant, Energetic, Modern"
Tom Ford,Ombre Leather EDP,Unisex,"Leather, Spicy","Evening, Casual","Black Leather, Cardamom, Patchouli","Bold, Intense, Rugged"
Tom Ford,Bois Pacifique EDP,Unisex,"Woody, Spicy","Daytime, Casual","Sandalwood, Cedar, Oakwood","Calming, Earthy, Sophisticated"
Tom Ford,Black Orchid EDP,Unisex,"Floral, Oriental","Evening, Formal","Black Truffle, Orchid, Patchouli","Luxurious, Mysterious, Sensual"
Tom Ford,Oud Wood EDP,Unisex,"Woody, Oriental","Evening, Formal","Oud, Sandalwood, Vanilla","Exotic, Sophisticated, Warm"
Tom Ford,Neroli Portofino EDP,Unisex,"Citrus, Fresh","Daytime, Summer","Neroli, Bergamot, Orange Blossom","Fresh, Clean, Uplifting"
Tom Ford,Soleil Blanc EDP,Unisex,"Floral, Coconut","Daytime, Beach","Coconut, Ylang-Ylang, Amber","Tropical, Warm, Luxurious"
Tom Ford,Vanille Fatale EDP,Unisex,"Oriental, Spicy","Evening, Formal","Vanilla, Mahogany, Roasted Barley","Deep, Seductive, Intense"
Tom Ford,Bitter Peach EDP,Unisex,"Fruity, Sweet","Evening, Romantic","Peach, Blood Orange, Patchouli","Bold, Sensual, Addictive"
Tom Ford,Rose Prick EDP,Unisex,"Floral, Spicy","Daytime, Romantic","Rose de Mai, Turkish Rose, Sichuan Pepper","Romantic, Bold, Unique"
Tom Ford,Jasmin Rouge EDP,Unisex,"Floral, Spicy","Evening, Elegant","Jasmine, Clary Sage, Spices","Sensual, Sophisticated, Warm"
Tom Ford,Velvet Orchid EDP,Unisex,"Floral, Oriental","Evening, Formal","Honey, Rum, Orchid","Opulent, Feminine, Mysterious"
Tom Ford,Noir Extreme EDP,Men,"Oriental, Woody","Evening, Formal","Cardamom, Nutmeg, Amber","Rich, Warm, Sophisticated"
Tom Ford,Grey Vetiver EDP,Men,"Woody, Citrus","Daytime, Office","Vetiver, Orange Blossom, Sage","Clean, Elegant, Masculine"
Tom Ford,Beau de Jour EDP,Men,"Aromatic, Fougere","Daytime, Classic","Lavender, Rosemary, Oakmoss","Classic, Refined, Fresh"
Tom Ford,Costa Azzurra EDP,Unisex,"Woody, Aquatic","Daytime, Summer","Driftwood, Seaweed, Lemon","Breezy, Fresh, Relaxed"
Tom Ford,Soleil Neige EDP,Unisex,"Floral, Musk","Daytime, Winter","Bergamot, Jasmine, Musk","Cool, Crisp, Elegant"
Tom Ford,Caf  Rose EDP,Unisex,"Floral, Spicy","Evening, Romantic","Rose, Coffee, Incense","Dark, Romantic, Intense"
Tom Ford,Plum Japonais EDP,Unisex,"Fruity, Spicy","Evening, Exotic","Plum, Cinnamon, Oud","Exotic, Rich, Warm"
Tom Ford,Mandarino di Amalfi EDP,Unisex,"Citrus, Fresh","Daytime, Summer","Mandarin, Basil, Mint","Fresh, Vibrant, Uplifting"
Tom Ford,Fleur de Portofino EDP,Unisex,"Floral, Citrus","Daytime, Spring","White Acacia, Jasmine, Lemon","Light, Floral, Elegant"
Tom Ford,Vert d Encens EDP,Unisex,"Green, Woody","Evening, Formal","Pine Resin, Incense, Heliotrope","Earthy, Mystical, Sophisticated"
Tom Ford,Vert de Fleur EDP,Unisex,"Green, Floral","Daytime, Spring","Galbanum, Hyacinth, Iris","Fresh, Elegant, Vintage"
Tom Ford,Vert Boh me EDP,Unisex,"Green, Floral","Daytime, Casual","Mandarin, Magnolia, Honeysuckle","Bright, Feminine, Fresh"
Tom Ford,Oud Fleur EDP,Unisex,"Woody, Floral","Evening, Formal","Rose, Oud, Patchouli","Luxurious, Deep, Romantic"
Tom Ford,Myrrhe Myst re EDP,Unisex,"Oriental, Resinous","Evening, Spiritual","Myrrh, Sandalwood, Amber","Mystical, Warm, Enigmatic"
Tom Ford,Tub reuse Nue EDP,Unisex,"Floral, Musk","Evening, Romantic","Tuberose, Jasmine, Musk","Sensual, Soft, Intimate"
Prada,Prada Candy Eau de Parfum,Women,"Gourmand, Sweet","Evening, Casual","Caramel, Musk, Vanilla","Playful, Flirty, Youthful"
Prada,Prada Candy Night Eau de Parfum,Women,"Gourmand, Oriental","Evening, Formal","Chocolate, Vanilla, Tonka Bean","Seductive, Mysterious, Bold"
Prada,Prada Candy Kiss Eau de Parfum,Women,"Floral, Musky","Daytime, Romantic","Orange Blossom, Musk, Vanilla","Soft, Feminine, Elegant"
Prada,Prada Candy Gloss Eau de Parfum,Women,"Fruity, Sweet","Daytime, Casual","Cherry, Peach, Musk","Fun, Vibrant, Youthful"
Prada,Prada Candy L'Eau Eau de Toilette,Women,"Floral, Fresh","Daytime, Office","Citrus, Sweet Pea, Caramel","Light, Refreshing, Subtle"
Prada,Prada Candy Florale Eau de Toilette,Women,"Floral, Sweet","Daytime, Spring","Peony, Caramel, Honey","Romantic, Fresh, Delicate"
Prada,Prada Paradoxe Eau de Parfum,Women,"Floral, Amber","Daytime, Evening","Neroli, Jasmine, Amber","Modern, Sophisticated, Versatile"
Prada,Prada Paradoxe Intense Eau de Parfum,Women,"Floral, Amber","Evening, Formal","Neroli, Jasmine, Amber","Intense, Elegant, Confident"
Prada,Prada La Femme Eau de Parfum,Women,"Floral, Oriental","Daytime, Formal","Frangipani, Ylang-Ylang, Vanilla","Classic, Feminine, Graceful"
Prada,Prada La Femme Intense Eau de Parfum,Women,"Floral, Oriental","Evening, Formal","Tuberose, Ylang-Ylang, Patchouli","Deep, Sensual, Luxurious"
Prada,Prada La Femme L'Eau Eau de Toilette,Women,"Floral, Fresh","Daytime, Casual","Frangipani, Mandarin, Tuberose","Light, Breezy, Elegant"
Prada,Prada Infusion d'Iris Eau de Parfum,Unisex,"Floral, Woody","Daytime, Office","Iris, Cedar, Vetiver","Clean, Powdery, Sophisticated"
Prada,Prada Infusion de Rose Eau de Parfum,Unisex,"Floral, Fresh","Daytime, Romantic","Rose, Neroli, Mandarin","Soft, Romantic, Modern"
Prada,Prada Infusion de Mandarine Eau de Parfum,Unisex,"Citrus, Fresh","Daytime, Summer","Mandarin, Orange Blossom, Neroli","Bright, Uplifting, Energetic"
Prada,Prada Infusion de Vanille Eau de Parfum,Unisex,"Oriental, Woody","Evening, Casual","Vanilla, Smoke, Bergamot","Warm, Smoky, Unisex"
Prada,Prada Infusion de Gingembre Eau de Parfum,Unisex,"Spicy, Fresh","Daytime, Spring","Ginger, Citrus, Neroli","Zesty, Invigorating, Crisp"
Prada,Prada Infusion de Figue Eau de Parfum,Unisex,"Fruity, Woody","Daytime, Autumn","Fig, Green Notes, Wood","Earthy, Sweet, Natural"
Prada,Prada Infusion de V tiver Eau de Parfum,Unisex,"Woody, Fresh","Daytime, Office","Vetiver, Citrus, Neroli","Clean, Masculine, Elegant"
Prada,Prada Amber Eau de Parfum,Women,"Oriental, Woody","Evening, Formal","Amber, Patchouli, Vanilla","Rich, Classic, Warm"
Prada,Prada Amber Pour Homme Eau de Toilette,Men,"Oriental, Woody","Evening, Formal","Amber, Myrrh, Saffron","Sophisticated, Masculine, Deep"
Prada,Prada Amber Pour Homme Intense Eau de Parfum,Men,"Oriental, Spicy","Evening, Formal","Amber, Patchouli, Vanilla","Intense, Bold, Luxurious"
Prada,Prada L'Homme Eau de Toilette,Men,"Woody, Floral","Daytime, Office","Iris, Amber, Neroli","Elegant, Modern, Clean"
Prada,Prada L'Homme Intense Eau de Parfum,Men,"Woody, Oriental","Evening, Formal","Iris, Amber, Leather","Deep, Sensual, Sophisticated"
Prada,Prada Luna Rossa Eau de Toilette,Men,"Citrus, Aromatic","Daytime, Sport","Lavender, Bitter Orange, Mint","Fresh, Energetic, Dynamic"
Prada,Prada Luna Rossa Carbon Eau de Toilette,Men,"Aromatic, Fougere","Daytime, Casual","Lavender, Patchouli, Ambroxan","Modern, Masculine, Clean"
Prada,Prada Luna Rossa Black Eau de Parfum,Men,"Amber, Woody","Evening, Formal","Patchouli, Amber, Musk","Bold, Mysterious, Urban"
Prada,Prada Luna Rossa Ocean Eau de Parfum,Men,"Fresh, Aquatic","Daytime, Summer","Bergamot, Iris, Vetiver","Refreshing, Marine, Adventurous"
Prada,Prada Luna Rossa Ocean Le Parfum,Men,"Woody, Aquatic","Evening, Formal","Bergamot, Iris, Vetiver","Deep, Sophisticated, Marine"
Prada,Prada Olfactories Heat Wave Eau de Parfum,Unisex,"Floral, Exotic","Evening, Summer","Tropical Flowers, Spices","Exotic, Warm, Luxurious"
Prada,Prada Olfactories Purple Rain Eau de Parfum,Unisex,"Floral, Woody","Evening, Formal","Iris, Vetiver, Musk","Artistic, Elegant, Unique"
Amouage,Interlude Man,Men,"Woody, Oriental","Evening, Formal","Oregano, Amber, Incense","Bold, Mysterious, Intense"
Amouage,Interlude Woman,Women,"Floral, Oriental","Evening, Formal","Bergamot, Incense, Amber","Dramatic, Complex, Rich"
Amouage,Reflection Man,Men,"Floral, Woody","Daytime, Office","Neroli, Jasmine, Sandalwood","Elegant, Clean, Sophisticated"
Amouage,Reflection Woman,Women,"Floral, Fresh","Daytime, Romantic","Water Violet, Freesia, Sandalwood","Feminine, Graceful, Soft"
Amouage,Honour Man,Men,"Woody, Spicy","Evening, Formal","Pink Pepper, Geranium, Musk","Noble, Refined, Classic"
Amouage,Honour Woman,Women,"Floral, White Floral","Daytime, Formal","Tuberose, Jasmine, Amber","Pure, Emotional, Elegant"
Amouage,Jubilation XXV,Men,"Oriental, Fruity","Evening, Formal","Blackberry, Frankincense, Myrrh","Regal, Opulent, Timeless"
Amouage,Jubilation 25,Women,"Floral, Oriental","Evening, Formal","Ylang-Ylang, Rose, Amber","Luxurious, Sophisticated, Warm"
Amouage,Epic Man,Men,"Woody, Spicy","Evening, Formal","Pink Pepper, Saffron, Oud","Mysterious, Exotic, Bold"
Amouage,Epic Woman,Women,"Oriental, Spicy","Evening, Formal","Cumin, Rose, Oud","Intense, Sensual, Powerful"
Amouage,Memoir Man,Men,"Woody, Aromatic","Evening, Casual","Absinthe, Leather, Sandalwood","Dark, Enigmatic, Masculine"
Amouage,Memoir Woman,Women,"Chypre, Floral","Evening, Formal","Wormwood, Jasmine, Oakmoss","Mysterious, Complex, Deep"
Amouage,Dia Man,Men,"Woody, Floral","Daytime, Office","Cistus, Cardamom, Vetiver","Elegant, Subtle, Refined"
Amouage,Dia Woman,Women,"Floral, Aldehydic","Daytime, Formal","Fig, Peony, Musk","Graceful, Sophisticated, Soft"
Amouage,Gold Man,Men,"Oriental, Floral","Evening, Formal","Rose, Lily of the Valley, Frankincense","Classic, Luxurious, Rich"
Amouage,Gold Woman,Women,"Floral, Aldehydic","Evening, Formal","Rose, Lily of the Valley, Myrrh","Opulent, Timeless, Elegant"
Amouage,Fate Man,Men,"Oriental, Spicy","Evening, Formal","Saffron, Licorice, Labdanum","Mysterious, Bold, Complex"
Amouage,Fate Woman,Women,"Oriental, Floral","Evening, Formal","Bergamot, Cinnamon, Incense","Enigmatic, Rich, Warm"
Amouage,Lyric Man,Men,"Oriental, Spicy","Evening, Romantic","Rose, Angelica, Sandalwood","Romantic, Deep, Sensual"
Amouage,Lyric Woman,Women,"Floral, Oriental","Evening, Romantic","Rose, Cardamom, Incense","Passionate, Mysterious, Elegant"
Amouage,Beloved Man,Men,"Woody, Spicy","Evening, Formal","Grapefruit, Elemi, Vetiver","Sophisticated, Warm, Masculine"
Amouage,Beloved Woman,Women,"Floral, Woody","Evening, Formal","Jasmine, Clove, Sandalwood","Elegant, Rich, Complex"
Amouage,Journey Man,Men,"Spicy, Woody","Evening, Casual","Sichuan Pepper, Tobacco, Leather","Adventurous, Bold, Warm"
Amouage,Journey Woman,Women,"Floral, Fruity","Evening, Casual","Apricot, Jasmine Tea, Osmanthus","Playful, Exotic, Feminine"
Amouage,Sunshine Man,Men,"Aromatic, Spicy","Daytime, Summer","Lavender, Orange Brandy, Tonka Bean","Bright, Warm, Inviting"
Amouage,Sunshine Woman,Women,"Floral, Fruity","Daytime, Summer","Almond, Blackcurrant, Vanilla","Joyful, Radiant, Feminine"
Amouage,Beach Hut Man,Men,"Woody, Aromatic","Daytime, Summer","Mint, Orange Blossom, Vetiver","Fresh, Breezy, Relaxed"
Amouage,Beach Hut Woman,Women,"Floral, Green","Daytime, Summer","Bergamot, Driftwood, Ylang-Ylang","Refreshing, Natural, Light"
Amouage,Imitation Man,Men,"Chypre, Leather","Evening, Retro","Citron, Turkish Rose, Leather","Vintage, Bold, Artistic"
Amouage,Imitation Woman,Women,"Floral, Aldehydic","Evening, Retro","Rose, Ylang-Ylang, Incense","Glamorous, Nostalgic, Elegant"
Bvlgari,Bvlgari Omnia Crystalline,Women,"Floral, Aquatic","Daytime, Casual","Bamboo, Lotus, Musk","Pure, Fresh, Elegant"
Bvlgari,Bvlgari Omnia Amethyste,Women,"Floral, Powdery","Daytime, Romantic","Iris, Rose, Heliotrope","Feminine, Soft, Romantic"
Bvlgari,Bvlgari Omnia Coral,Women,"Fruity, Floral","Daytime, Spring","Bergamot, Hibiscus, Pomegranate","Cheerful, Playful, Vibrant"
Bvlgari,Bvlgari Omnia Pink Sapphire,Women,"Citrus, Floral","Daytime, Summer","Pink Pomelo, Frangipani, Musk","Energetic, Fun, Youthful"
Bvlgari,Bvlgari Omnia Indian Garnet,Women,"Oriental, Floral","Daytime, Exotic","Mandarin, Osmanthus, Amber","Bold, Radiant, Warm"
Bvlgari,Bvlgari Omnia Golden Citrine,Women,"Floral, Musky","Daytime, Elegant","Ylang-Ylang, Jasmine, Benzoin","Sophisticated, Radiant"
Bvlgari,Bvlgari Omnia Paraiba,Women,"Tropical, Fruity","Daytime, Vacation","Passionfruit, Gardenia, Vetiver","Fun, Bright, Tropical"
Bvlgari,Bvlgari Rose Goldea,Women,"Floral, Musky","Romantic, Daytime","Rose, Musk, Pomegranate","Graceful, Sensual, Soft"
Bvlgari,Bvlgari Rose Goldea Blossom Delight,Women,"Floral, Fresh","Daytime, Spring","Lily of the Valley, Rose, Musk","Modern, Delicate, Optimistic"
Bvlgari,Bvlgari Goldea,Women,"Musky, Oriental","Evening, Elegant","Musk, Orange Blossom, Patchouli","Luxurious, Warm, Feminine"
Bvlgari,Bvlgari Splendida Rose Rose,Women,"Floral, Rose","Romantic, Evening","Damask Rose, Blackberry, Musk","Elegant, Romantic, Classic"
Bvlgari,Bvlgari Splendida Iris d'Or,Women,"Powdery, Floral","Daytime, Soft","Iris, Mimosa, Tonka Bean","Clean, Sophisticated, Feminine"
Bvlgari,Bvlgari Splendida Magnolia Sensuel,Women,"Floral, Sweet","Evening, Formal","Magnolia, Orange Blossom, Musk","Bold, Feminine, Mysterious"
Bvlgari,Bvlgari Le Gemme Reali Nylaia,Women,"Floral, Musky","Evening, Elegant","Jasmine, Musk, Ambergris","Luxurious, Royal, Sensual"
Bvlgari,Bvlgari Le Gemme Ashlemah,Unisex,"Powdery, Floral","Daytime, Calm","Violet, Lavender, Musk","Spiritual, Clean, Soft"
Bvlgari,Bvlgari Aqua Pour Homme,Men,"Aquatic, Fresh","Daytime, Casual","Mandarin, Seaweed, Amber","Fresh, Masculine, Marine"
Bvlgari,Bvlgari Aqua Marine,Men,"Aquatic, Citrus","Daytime, Summer","Neroli, Grapefruit, Rosemary","Sporty, Breezy, Clean"
Bvlgari,Bvlgari Aqua Amara,Men,"Woody, Citrus","Daytime, Casual","Sicilian Mandarin, Neroli, Incense","Intense, Earthy, Masculine"
Bvlgari,Bvlgari Man in Black,Men,"Spicy, Oriental","Evening, Formal","Rum, Leather, Tonka Bean","Bold, Sensual, Charismatic"
Bvlgari,Bvlgari Man Wood Essence,Men,"Woody, Green","Daytime, Natural","Citrus Zest, Vetiver, Cedar","Earthy, Grounded, Refined"
Bvlgari,Bvlgari Man Wood Neroli,Men,"Citrus, Woody","Daytime, Bright","Neroli, Bergamot, Ambergris","Energetic, Elegant, Crisp"
Bvlgari,Bvlgari Man Glacial Essence,Men,"Fresh, Woody","Daytime, Cold","Juniper, Ginger, Cedarwood","Cool, Crisp, Refreshing"
Bvlgari,Bvlgari Man Terrae Essence,Men,"Earthy, Woody","Autumn, Formal","Vetiver, Citruses, Mineral Notes","Warm, Rugged, Sophisticated"
Bvlgari,Bvlgari Man Black Orient,Men,"Oriental, Spicy","Evening, Intimate","Cardamom, Oud, Leather","Exotic, Bold, Deep"
Bvlgari,Bvlgari Man Extreme,Men,"Citrus, Woody","Daytime, Formal","Pink Grapefruit, Cactus, Amber","Masculine, Crisp, Assertive"
Bvlgari,Bvlgari BLV Pour Homme,Men,"Spicy, Woody","Daytime, Unique","Ginger, Tobacco Flower, Teak Wood","Cool, Edgy, Sophisticated"
Bvlgari,Bvlgari BLV Notte Pour Homme,Men,"Spicy, Oriental","Evening, Intimate","Dark Chocolate, Tobacco, Lavender","Mysterious, Sexy, Warm"
Bvlgari,Bvlgari Pour Homme,Men,"Fresh, Woody","Office, Daytime","Darjeeling Tea, Amber, Musk","Clean, Professional, Classic"
Bvlgari,Bvlgari Pour Homme Soir,Men,"Woody, Musk","Evening, Refined","Papyrus, Amber, Darjeeling Tea","Elegant, Mature, Subtle"
Bvlgari,Bvlgari Tygar (Le Gemme),Men,"Citrus, Woody","Luxurious, Day","Grapefruit, Ambrox, Woods","Bold, Sophisticated, Fiery"
Armani,Acqua di Gi  Profondo,Men,"Aquatic, Aromatic","Daytime, Summer","Bergamot, Rosemary, Patchouli","Fresh, Deep, Marine"
Armani,Acqua di Gi  Eau de Toilette,Men,"Aquatic, Citrus","Casual, Daily","Lime, Jasmine, Oakmoss","Clean, Light, Classic"
Armani,Acqua di Gi  Parfum,Men,"Woody, Aquatic","Office, Daytime","Incense, Bergamot, Sea Notes","Elegant, Modern, Masculine"
Armani,Armani Code Eau de Parfum,Men,"Spicy, Woody","Evening, Date","Tonka Bean, Leather, Amber","Seductive, Warm, Sophisticated"
Armani,Armani Code Profumo,Men,"Oriental, Spicy",Night Out,"Cardamom, Amber, Leather","Intense, Bold, Luxurious"
Armani,Armani Code Colonia,Men,"Fresh, Aromatic","Business, Casual","Bergamot, Clary Sage, Tonka Bean","Clean, Smooth, Soft"
Armani,Stronger With You,Men,"Sweet, Spicy","Evening, Romantic","Chestnut, Cardamom, Vanilla","Romantic, Youthful, Warm"
Armani,Stronger With You Intensely,Men,"Warm, Woody",Cold Weather,"Toffee, Cinnamon, Tonka Bean","Bold, Addictive, Comforting"
Armani,Stronger With You Absolutely,Men,"Amber, Rum",Night Events,"Rum, Vanilla, Chestnut","Rich, Sensual, Deep"
Armani,Emporio Armani He,Men,"Woody, Spicy",Anytime,"Yuzu, Sage, Cardamom","Energetic, Masculine, Fresh"
Armani,Acqua di Gi  Absolu,Men,"Aquatic, Woody","Summer, Daytime","Marine Notes, Patchouli, Amberwood","Sensual, Confident, Cool"
Armani,Acqua di Gi  Essenza,Men,"Fresh, Aromatic","Daytime, Elegant","Bergamot, Jasmine, Ambergris","Refined, Classic, Bright"
Armani,Acqua di Gi  Profumo,Men,"Aquatic, Incense","Evening, Formal","Incense, Patchouli, Sea Notes","Bold, Dark, Sophisticated"
Armani,Armani Eau Pour Homme,Men,"Citrus, Aromatic","Daytime, Classic","Lemon, Basil, Oakmoss","Clean, Fresh, Timeless"
Armani,Armani Mania,Men,"Woody, Musky","Evening, Cozy","Mandarin, Saffron, Cedarwood","Warm, Smooth, Modern"
Armani,S  Eau de Parfum,Women,"Fruity, Chypre","Evening, Formal","Blackcurrant, Rose, Vanilla","Elegant, Feminine, Bold"
Armani,S  Passione,Women,"Floral, Fruity","Romantic, Date","Rose, Pear, Pink Pepper","Passionate, Confident, Sweet"
Armani,S  Intense,Women,"Chypre, Sweet","Evening, Formal","Blackcurrant, Rose, Patchouli","Deep, Sophisticated, Sensual"
Armani,My Way,Women,"Floral, Fresh","Everyday, Uplifting","Orange Blossom, Tuberose, Vanilla","Bright, Modern, Feminine"
Armani,My Way Intense,Women,"Floral, Woody","Formal, Date","Orange Blossom, Sandalwood, Vanilla","Intense, Elegant, Radiant"
Armani,My Way Floral,Women,"Citrus, Floral","Daytime, Spring","Green Mandarin, Neroli, Tuberose","Fresh, Joyful, Gentle"
Armani,Acqua di Gioia,Women,"Aquatic, Floral","Summer, Daytime","Mint, Lemon, Jasmine","Refreshing, Nature-loving"
Armani,Air di Gioia,Women,"Fresh, Floral","Casual, Outdoor","Salt, Neroli, Peony","Free-spirited, Breezy"
Armani,Sun di Gioia,Women,"Warm, Sweet","Summer, Beach","Frangipani, Vanilla, Amber","Sunny, Warm, Feminine"
Armani,Light di Gioia,Women,"Citrus, Woody","Daytime, Elegant","Bergamot, Jasmine, Musk","Soft, Fresh, Radiant"
Armani,Emporio Armani She,Women,"Powdery, Floral","Daily, Romantic","Pear, Heliotrope, Almond","Soft, Sweet, Cozy"
Armani,Emporio Armani Because It s You,Women,"Fruity, Sweet",Date Night,"Raspberry, Rose, Vanilla","Joyful, Playful, Romantic"
Armani,Armani Priv  Vert Malachite,Unisex,"Green, Floral","Artistic, Luxe","Lily, Jasmine, Amber","Unique, Rich, Creative"
Armani,Armani Priv  Rouge Malachite,Women,"Floral, Creamy",Opulent Events,"Tuberose, Pink Pepper, Amber","Bold, Artistic, Sensual"
Armani,Armani Priv  Bleu Lazuli,Unisex,"Spicy, Woody","Spiritual, Exotic","Cardamom, Mate, Incense","Mysterious, Deep, Warm"
Dolce & Gabbana,The One Eau de Parfum,Women,"Warm, Oriental","Evening, Date","Bergamot, Vanilla, Amber","Sensual, Elegant, Confident"
Dolce & Gabbana,The One Eau de Toilette,Men,"Spicy, Woody","Evening, Formal","Grapefruit, Coriander, Tobacco","Classic, Sophisticated"
Dolce & Gabbana,Light Blue Eau de Toilette,Women,"Fresh, Citrus","Daytime, Summer","Sicilian Lemon, Apple, Cedar","Fresh, Playful, Casual"
Dolce & Gabbana,Light Blue Sun Pour Homme,Men,"Fresh, Aquatic","Daytime, Summer","Grapefruit, Bergamot, Rosemary","Energetic, Cool, Refreshing"
Dolce & Gabbana,Devotion Eau de Parfum Intense,Women,"Floral, Woody","Evening, Formal","Orange Blossom, Vanilla, Musk","Intense, Romantic, Deep"
Dolce & Gabbana,Dolce Peony Eau de Parfum,Women,"Floral, Powdery","Daytime, Spring","Peony, Iris, Musk","Soft, Feminine, Cheerful"
Dolce & Gabbana,The One for Men Eau de Parfum,Men,"Oriental, Spicy",Night Out,"Ginger, Cardamom, Tobacco","Bold, Masculine, Warm"
Dolce & Gabbana,Light Blue Sun Eau de Parfum,Women,"Floral, Aquatic","Summer, Casual","Jasmine, Coconut, Vanilla","Bright, Sunny, Relaxed"
Dolce & Gabbana,K by Dolce & Gabbana Eau de Parfum,Men,"Woody, Aromatic","Daytime, Office","Basil, Grapefruit, Cedarwood","Fresh, Confident, Energetic"
Dolce & Gabbana,K by Dolce & Gabbana Intense,Men,"Spicy, Woody","Evening, Cold","Cinnamon, Clary Sage, Cedar","Warm, Inviting, Strong"
Dolce & Gabbana,Pour Femme Eau de Parfum,Women,"Floral, Fruity",Daily Wear,"Neroli, Jasmine, Vanilla","Elegant, Feminine, Fresh"
Dolce & Gabbana,Dolce Garden,Women,"Floral, Green","Daytime, Spring","Neroli, Jasmine, Orange Blossom","Delicate, Fresh, Natural"
Dolce & Gabbana,Dolce Rosa Excelsa Eau de Parfum,Women,"Floral, Rose","Evening, Special","Rose, Orange Blossom, Amber","Romantic, Sophisticated"
Dolce & Gabbana,Velvet Desert Oud,Unisex,"Woody, Oud","Evening, Formal","Agarwood, Rose, Amber","Exotic, Mysterious, Luxurious"
Dolce & Gabbana,Light Blue Forever,Women,"Citrus, Aquatic","Summer, Daytime","Lemon, Apple, Jasmine","Fresh, Youthful, Bright"
Dolce & Gabbana,The One Essence,Men,"Woody, Spicy","Evening, Formal","Ginger, Amber, Vanilla","Warm, Strong, Elegant"
Dolce & Gabbana,Anthology L Imperatrice,Women,"Fruity, Floral","Casual, Daytime","Watermelon, Jasmine, Musk","Fun, Vibrant, Lighthearted"
Dolce & Gabbana,Dolce Garden Delight,Women,"Floral, Green","Spring, Daytime","Neroli, Jasmine, Orange Blossom","Fresh, Delicate, Joyful"
Dolce & Gabbana,Light Blue Italian Zest,Men,"Citrus, Aromatic","Daytime, Summer","Lemon, Ginger, Juniper","Bright, Invigorating, Casual"
Dolce & Gabbana,The One Royal Night,Men,"Woody, Spicy","Evening, Night","Cardamom, Tobacco, Cedarwood","Intense, Bold, Sophisticated"
Dolce & Gabbana,K by Dolce & Gabbana Eau de Toilette,Men,"Aromatic, Woody","Daytime, Casual","Basil, Grapefruit, Cedarwood","Fresh, Clean, Energetic"
Dolce & Gabbana,Pour Homme Intense,Men,"Woody, Oriental","Evening, Cold","Tonka Bean, Cedar, Amber","Warm, Seductive, Strong"
Dolce & Gabbana,Dolce Garden Paradise,Women,"Floral, Fresh","Daytime, Spring","Orange Blossom, Neroli, Musk","Bright, Cheerful, Light"
Dolce & Gabbana,Anthology L Imperatrice,Women,"Fruity, Floral","Daytime, Casual","Watermelon, Jasmine, Musk","Light, Playful, Energetic"
Dolce & Gabbana,The One Gold,Women,"Warm, Floral","Evening, Formal","Orange Blossom, Vanilla, Amber","Luxurious, Elegant, Radiant"
Dolce & Gabbana,Velvet Desert Oud,Unisex,"Oud, Woody","Evening, Formal","Agarwood, Rose, Amber","Exotic, Rich, Mysterious"
Dolce & Gabbana,Light Blue Eau Intense,Women,"Aquatic, Fresh","Daytime, Summer","Granny Smith Apple, Jasmine, Cedarwood","Fresh, Clean, Relaxing"
Dolce & Gabbana,The One Eau de Parfum,Women,"Oriental, Floral","Evening, Formal","Bergamot, Vanilla, Amber","Elegant, Warm, Feminine"
Dolce & Gabbana,K by Dolce & Gabbana Intense,Men,"Spicy, Woody","Evening, Date","Cinnamon, Clary Sage, Cedar","Warm, Seductive, Bold"
Dolce & Gabbana,Light Blue Pour Homme,Men,"Fresh, Citrus","Daytime, Casual","Grapefruit, Rosemary, Pepper","Bright, Energetic, Clean"
Givenchy,L Interdit Eau de Parfum,Women,"Floral, Woody","Evening, Date","Orange Blossom, Jasmine, Vetiver","Bold, Elegant, Mysterious"
Givenchy,Gentlemen Givenchy,Men,"Woody, Aromatic","Office, Daytime","Lavender, Black Pepper, Patchouli","Classic, Confident, Fresh"
Givenchy,Givenchy Pour Homme,Men,"Woody, Spicy","Daily, Casual","Bergamot, Vetiver, Patchouli","Clean, Masculine, Timeless"
Givenchy,L Interdit Eau de Toilette,Women,"Floral, Fresh","Daytime, Casual","Orange Blossom, Tuberose, Vetiver","Bright, Feminine, Youthful"
Givenchy,Gentlemen Only Absolute,Men,"Spicy, Oriental","Evening, Formal","Cinnamon, Vanilla, Leather","Warm, Seductive, Sophisticated"
Givenchy,Givenchy Dahlia Divin,Women,"Floral, Woody","Formal, Evening","Plum, Jasmine, Sandalwood","Luxurious, Feminine, Radiant"
Givenchy,Gentleman Givenchy Cologne,Men,"Fresh, Citrus","Summer, Daytime","Grapefruit, Ginger, Vetiver","Refreshing, Clean, Energetic"
Givenchy,L Interdit Intense,Women,"Floral, Oriental","Night, Special","Tuberose, Jasmine, Vanilla","Deep, Intense, Sensual"
Givenchy,Gentlemen Only,Men,"Woody, Spicy","Casual, Work","Green Pepper, Patchouli, Vetiver","Confident, Stylish, Modern"
Givenchy,Givenchy Ange ou D mon,Women,"Oriental, Floral","Evening, Formal","Lily, Saffron, Sandalwood","Mysterious, Sensual, Strong"
Givenchy,Play Intense Pour Homme,Men,"Spicy, Woody","Night, Date","Cardamom, Pepper, Tonka Bean","Bold, Energetic, Seductive"
Givenchy,L Interdit Eau de Parfum Intense,Women,"Floral, Woody","Evening, Formal","Orange Blossom, Jasmine, Patchouli","Strong, Elegant, Feminine"
Givenchy,Gentlemen Only Casual Chic,Men,"Woody, Aromatic","Daytime, Casual","Bergamot, Black Pepper, Cedar","Fresh, Stylish, Youthful"
Givenchy,Dahlia Divin Le Nectar de Parfum,Women,"Floral, Fruity","Formal, Evening","Blackberry, Jasmine, Patchouli","Elegant, Feminine, Radiant"
Givenchy,Givenchy Xeryus Rouge,Men,"Woody, Spicy","Night, Formal","Cinnamon, Patchouli, Amber","Bold, Exotic, Warm"
Givenchy,L Interdit by Givenchy,Women,"Floral, Woody","Evening, Date","Tuberose, Orange Blossom, Vetiver","Bold, Feminine, Modern"
Givenchy,Gentleman Givenchy Absolute,Men,"Woody, Aromatic","Evening, Special","Lavender, Vanilla, Amber","Smooth, Warm, Luxurious"
Givenchy,Givenchy Live Irr sistible,Women,"Floral, Fruity","Daytime, Casual","Pear, Rose, Jasmine","Fun, Playful, Bright"
Givenchy,Play Pour Homme,Men,"Woody, Spicy","Casual, Daytime","Ginger, Vetiver, Cedar","Energetic, Modern, Confident"
Givenchy,Dahlia Divin Eau Initiale,Women,"Floral, Fresh","Daytime, Office","Bergamot, Jasmine, Musk","Elegant, Clean, Feminine"
Givenchy,Gentleman Eau de Toilette,Men,"Aromatic, Woody","Daytime, Casual","Lemon, Vetiver, Patchouli","Clean, Fresh, Sophisticated"
Givenchy,Givenchy Irresistible,Women,"Floral, Woody","Casual, Daytime","Pear, Rose, Cedarwood","Joyful, Fresh, Feminine"
Givenchy,Play Intense Eau de Parfum,Men,"Spicy, Woody","Evening, Night","Cardamom, Pepper, Tonka Bean","Bold, Confident, Seductive"
Givenchy,L Interdit Eau de Toilette,Women,"Floral, Citrus","Daytime, Casual","Orange Blossom, Jasmine, Vetiver","Fresh, Youthful, Elegant"
Givenchy,Gentleman Givenchy Parfum,Men,"Woody, Aromatic","Evening, Formal","Lavender, Patchouli, Amber","Sophisticated, Strong, Warm"
Givenchy,Givenchy Dahlia Divin Noir,Women,"Oriental, Floral","Night, Formal","Black Rose, Patchouli, Plum","Mysterious, Bold, Feminine"
Givenchy,Play Pour Femme,Women,"Fruity, Floral","Daytime, Casual","Apple, Jasmine, Peony","Playful, Bright, Youthful"
Givenchy,Givenchy Xeryus,Men,"Woody, Spicy","Evening, Formal","Patchouli, Cinnamon, Amber","Strong, Exotic, Classic"
Givenchy,Gentlemen Only Absolute Intense,Men,"Spicy, Oriental","Evening, Night","Cinnamon, Vanilla, Tonka Bean","Deep, Seductive, Luxurious"
Givenchy,Live Irr sistible Rosy Crush,Women,"Floral, Fruity","Spring, Daytime","Rose, Lychee, Amber","Fresh, Youthful, Romantic"
Jean Paul Gaultier,Classique Eau de Parfum,Women,"Oriental, Floral","Evening, Formal","Rose, Ginger, Vanilla","Feminine, Elegant, Seductive"
Jean Paul Gaultier,Scandal Eau de Parfum,Women,"Sweet, Floral",Night Out,"Honey, Orange Blossom, Patchouli","Playful, Bold, Seductive"
Jean Paul Gaultier,Le Male Le Parfum,Men,"Woody, Spicy","Evening, Night","Cardamom, Lavender, Tonka Bean","Intense, Modern, Masculine"
Jean Paul Gaultier,Classique X Eau de Parfum,Women,"Floral, Oriental","Evening, Special","Rose, Ginger, Vanilla","Elegant, Bold, Alluring"
Jean Paul Gaultier,Le Beau Eau de Parfum,Men,"Woody, Aquatic","Daytime, Casual","Coconut, Bergamot, Tonka Bean","Fresh, Relaxed, Confident"
Jean Paul Gaultier,Scandal   Paris,Women,"Fruity, Floral","Daytime, Casual","Blood Orange, Gardenia, Patchouli","Fresh, Energetic, Feminine"
Jean Paul Gaultier,Le Male In The Navy Eau de Toilette,Men,"Aquatic, Aromatic","Summer, Daytime","Sea Notes, Lavender, Mint","Cool, Fresh, Adventurous"
Jean Paul Gaultier,Classique Essence de Parfum,Women,"Floral, Oriental","Evening, Formal","Rose, Orange Blossom, Vanilla","Sophisticated, Sensual"
Jean Paul Gaultier,Le Male Terrible,Men,"Woody, Spicy","Evening, Night","Ginger, Lavender, Vetiver","Strong, Bold, Intense"
Jean Paul Gaultier,Scandal By Night,Women,"Oriental, Floral",Night Out,"Honey, Patchouli, Jasmine","Seductive, Mysterious, Bold"
Jean Paul Gaultier,Le Male Summer,Men,"Fresh, Aromatic","Summer, Daytime","Bergamot, Lavender, Mint","Bright, Energetic, Casual"
Jean Paul Gaultier,Classique Eau Fraiche,Women,"Fresh, Floral","Daytime, Casual","Orange Blossom, Neroli, Jasmine","Light, Feminine, Fresh"
Jean Paul Gaultier,Le Male On Board,Men,"Aromatic, Woody","Daytime, Casual","Cardamom, Bergamot, Vanilla","Confident, Fresh, Relaxed"
Jean Paul Gaultier,Scandal Pour Homme,Men,"Woody, Spicy","Evening, Night","Patchouli, Tonka Bean, Amber","Bold, Warm, Masculine"
Jean Paul Gaultier,Classique Essence,Women,"Floral, Oriental","Evening, Formal","Rose, Vanilla, Amber","Elegant, Warm, Feminine"
Jean Paul Gaultier,Le Male Essence de Parfum,Men,"Woody, Oriental","Evening, Formal","Lavender, Tonka Bean, Vanilla","Sophisticated, Warm, Confident"
Jean Paul Gaultier,Scandal a Paris L Eau,Women,"Fruity, Floral","Daytime, Casual","Orange, Jasmine, Patchouli","Playful, Bright, Feminine"
Jean Paul Gaultier,Le Male Le Parfum Edition Noire,Men,"Woody, Spicy","Evening, Formal","Cardamom, Tonka Bean, Amber","Mysterious, Bold, Sophisticated"
Jean Paul Gaultier,Classique Eau Sensuelle,Women,"Oriental, Floral","Evening, Date","Rose, Jasmine, Vanilla","Sensual, Feminine, Romantic"
Jean Paul Gaultier,Le Male Essence,Men,"Aromatic, Spicy","Daytime, Casual","Lavender, Mint, Vanilla","Fresh, Confident, Modern"
Jean Paul Gaultier,Scandal Eau de Toilette,Women,"Sweet, Floral","Daytime, Casual","Honey, Orange Blossom, Patchouli","Bright, Playful, Seductive"
Jean Paul Gaultier,Le Male On Board Eau de Toilette,Men,"Aromatic, Woody","Daytime, Casual","Bergamot, Cardamom, Vanilla","Clean, Fresh, Confident"
Jean Paul Gaultier,Classique La Belle,Women,"Floral, Sweet","Evening, Special","Rose, Vanilla, Sandalwood","Feminine, Elegant, Alluring"
Jean Paul Gaultier,Le Male In The Navy Eau de Parfum,Men,"Aquatic, Aromatic","Summer, Daytime","Sea Notes, Lavender, Mint","Refreshing, Cool, Casual"
Jean Paul Gaultier,Scandal a Paris Eau de Parfum,Women,"Fruity, Floral","Daytime, Casual","Blood Orange, Gardenia, Patchouli","Bright, Fresh, Feminine"
Jean Paul Gaultier,Le Male Essence Intense,Men,"Woody, Oriental","Evening, Formal","Lavender, Tonka Bean, Vanilla","Warm, Confident, Elegant"
Jean Paul Gaultier,Classique Eau de Toilette,Women,"Floral, Oriental","Daytime, Casual","Rose, Ginger, Vanilla","Light, Feminine, Fresh"
Jean Paul Gaultier,Le Male Extreme,Men,"Woody, Spicy","Evening, Night","Cardamom, Tonka Bean, Amber","Intense, Bold, Masculine"
Jean Paul Gaultier,Scandal by Night Eau de Parfum,Women,"Oriental, Floral",Night Out,"Honey, Patchouli, Jasmine","Bold, Seductive, Elegan"
